{
	"info": {
		"_postman_id": "f2c579b1-0e76-43b8-b1e8-b3faff3a998a",
		"name": "SumarService",
		"schema": "https://schema.getpostman.com/json/collection/v2.1.0/collection.json"
	},
	"item": [
		{
			"name": "0 - Funcionamiento Apache",
			"request": {
				"method": "GET",
				"header": [],
				"url": {
					"raw": "http://localhost/",
					"protocol": "http",
					"host": [
						"localhost"
					],
					"path": [
						""
					]
				}
			},
			"response": []
		},
		{
			"name": "1 - Funcionamiento sumarService",
			"request": {
				"method": "GET",
				"header": [],
				"url": {
					"raw": "http://localhost/sumarService",
					"protocol": "http",
					"host": [
						"localhost"
					],
					"path": [
						"sumarService"
					]
				}
			},
			"response": []
		},
		{
			"name": "2 - sumarServices sin parámetros",
			"request": {
				"method": "GET",
				"header": [],
				"url": {
					"raw": "http://localhost/sumarService",
					"protocol": "http",
					"host": [
						"localhost"
					],
					"path": [
						"sumarService"
					]
				}
			},
			"response": []
		}
	]
}